Uuid,Void/Retire,Name,Description,Format,Foreign,Searchable
3455a429-58ec-4e73-bd3e-f5ae32aad405,,Sexual Orientation,Sexual orientation,org.openmrs.Concept,1232,
2b68b87b-8f41-438c-abdf-e903bf00b373,,Gender Identity,Gender identity,org.openmrs.Concept,1832,
214984e4-b3ed-4ae2-b40a-91b781ba8be9,,Ethnicity,Ethnic Identity,org.openmrs.Concept,1798,
07b64cc5-12e0-4eea-9938-886c17729ada,,Indigenous Nationality,Ecuadorean indigenous nationality,org.openmrs.Concept,1799,
941759b8-1438-4444-9ba2-9298c7aa8ef3,,Nationality,Country of citizenship,org.openmrs.Concept,1833,
