<addressConfiguration>
  <wipe>true</wipe>
  <addressComponents>
    <addressComponent>
      <field>COUNTRY</field>
      <nameMapping>Location.country</nameMapping>
      <sizeMapping>12</sizeMapping>
      <elementDefault>addresshierarchy.country.ecuador</elementDefault>
      <requiredInHierarchy>true</requiredInHierarchy>
    </addressComponent>
    <addressComponent>
      <field>STATE_PROVINCE</field>
      <nameMapping>Location.province</nameMapping>
      <sizeMapping>30</sizeMapping>
      <requiredInHierarchy>true</requiredInHierarchy>
    </addressComponent>
    <addressComponent>
      <field>COUNTY_DISTRICT</field>
      <nameMapping>Location.district</nameMapping>
      <sizeMapping>30</sizeMapping>
      <requiredInHierarchy>true</requiredInHierarchy>
    </addressComponent>
    <addressComponent>
      <field>CITY_VILLAGE</field>
      <nameMapping>Location.cityVillage</nameMapping>
      <sizeMapping>60</sizeMapping>
      <requiredInHierarchy>true</requiredInHierarchy>
    </addressComponent>
    <addressComponent>
      <field>POSTAL_CODE</field>
      <nameMapping>Location.postalCode</nameMapping>
      <sizeMapping>16</sizeMapping>
      <requiredInHierarchy>true</requiredInHierarchy>
    </addressComponent>
    <addressComponent>
      <field>ADDRESS_2</field>
      <nameMapping>Location.neighborhood</nameMapping>
      <sizeMapping>40</sizeMapping>
      <requiredInHierarchy>false</requiredInHierarchy>
    </addressComponent>
    <addressComponent>
      <field>ADDRESS_1</field>
      <nameMapping>Location.address1</nameMapping>
      <sizeMapping>40</sizeMapping>
      <requiredInHierarchy>false</requiredInHierarchy>
    </addressComponent>
  </addressComponents>
  <lineByLineFormat>
    <string>address1</string>
    <string>address2</string>
    <string>cityVillage countyDistrict stateProvince country</string>
  </lineByLineFormat>
  <addressHierarchyFile>
    <filename>addresshierarchy.ecuador.csv</filename>
    <entryDelimiter>,</entryDelimiter>
    <identifierDelimiter>%</identifierDelimiter>
  </addressHierarchyFile>
</addressConfiguration>
