<config>
    <globalProperties>
        <globalProperty>
            <property>order.drugDosingUnitsConceptUuid</property>
            <value>162384AAAAAAAAAAAAAAAAAAAAAAAAAAAAAA</value>
        </globalProperty>
        <globalProperty>
            <property>order.drugRoutesConceptUuid</property>
            <value>162394AAAAAAAAAAAAAAAAAAAAAAAAAAAAAA</value>
        </globalProperty>
        <globalProperty>
            <property>order.drugDispensingUnitsConceptUuid</property>
            <value>162402AAAAAAAAAAAAAAAAAAAAAAAAAAAAAA</value>
        </globalProperty><globalProperty>
            <property>order.durationUnitsConceptUuid</property>
            <value>1732AAAAAAAAAAAAAAAAAAAAAAAAAAAAAAAA</value>
        </globalProperty>
    </globalProperties>
    
</config>
