{
  "name": "Ward Admission",
  "pages": [
    {
      "label": "Ward Request",
      "sections": [
        {
          "label": "Ward Details",
          "isExpanded": "true",
          "questions": [
            {
              "type": "obsGroup",
              "id": "inpatientDispositionConstruct",
              "questionOptions": {
                "concept": "CIEL:169405",
                "rendering": "group"
              },
              "questions": [
                {
                  "id": "disposition",
                  "type": "obs",
                  "required": true,
                  "questionOptions": {
                    "rendering": "radio",
                    "required": true,
                    "concept": "CIEL:169402",
                    "answers": [
                      {
                        "concept": "CIEL:168619"
                      }
                    ]
                  },
                  "validators": []
                },
                {
                  "id": "admitToLocation",
                  "type": "obs",
                  "required": true,
                  "questionOptions": {
                    "rendering": "ui-select-extended",
                    "required": true,
                    "concept": "CIEL:169403",
                    "datasource": {
                      "name": "location_datasource",
                      "config": {
                        "tag": "Admission Location"
                      }
                    }
                  }
                }
              ]
            }
          ]
        }
      ]
    }
  ],
  "processor": "EncounterFormProcessor",
  "encounter": "Transfer Request",
  "encounterType": "Transfer Request",
  "referencedForms": [],
  "uuid": "xxxx",
  "description": "Create an admission request to an inpatient ward",
  "version": "1.0.0",
  "published": true,
  "retired": false
}
