{
  "name": "Surgical Operation",
  "description": "Surgery Form",
  "version": "1",
  "published": true,
  "retired": false,
  "encounter": "Consultation",
  "pages": [
    {
      "label": "Surgical Operation",
      "sections": [
        {
          "label": "Surgical progress",
          "isExpanded": "true",
          "questions": [
            {
              "label": "Pre-Operative Diagnosis",
              "type": "obs",
              "questionOptions": {
                "rendering": "textarea",
                "concept": "a957ff9c-80f1-4f31-8937-3bef0cfb8c0e",
                "rows": "2"
              },
              "id": "Pre-Operative_Diagnosis"
            },
            {
              "label": "Post-Operative Diagnosis",
              "type": "obs",
              "questionOptions": {
                "rendering": "textarea",
                "concept": "f348e4b5-4124-4169-966a-2dff2a944566",
                "rows": "2"
              },
              "id": "Post-Operative_Diagnosis"
            },
            {
              "label": "Procedure",
              "type": "obs",
              "questionOptions": {
                "rendering": "textarea",
                "concept": "27fe6714-0bc6-4435-adb0-818538abe42c",
                "rows": "2"
              },
              "id": "Procedure"
            },
            {
              "label": "Assistants",
              "type": "obs",
              "questionOptions": {
                "rendering": "textarea",
                "concept": "acda413c-56cc-48ab-825d-af58cb947f15",
                "rows": "2"
              },
              "id": "Assistants"
            },
            {
              "label": "Anesthesia Type",
              "type": "obs",
              "questionOptions": {
                "rendering": "radio",
                "concept": "3017f680-5c3c-4f7b-94e1-6afda9e07eaf",
                "answers": [
                  {
                    "concept": "3ca389b4-6b9d-487c-bdd9-73d2cfeeab0c",
                    "label": "General",
                    "conceptMappings": []
                  },
                  {
                    "concept": "5392d074-eed3-4f88-a8e9-5bae333e7589",
                    "label": "Monitored Anesthesia Care",
                    "conceptMappings": []
                  },
                  {
                    "concept": "84ba7929-3714-4023-843a-2b1814563207",
                    "label": "Knee Block",
                    "conceptMappings": []
                  },
                  {
                    "concept": "7dd25939-b4e5-4657-8c69-ac4993f183b5",
                    "label": "Axillary Block",
                    "conceptMappings": []
                  },
                  {
                    "concept": "0f087406-b092-419c-a9ae-bd32c9e29a43",
                    "label": "Interscalene Block",
                    "conceptMappings": []
                  },
                  {
                    "concept": "20fafddb-bfd4-421e-acfb-639454741e94",
                    "label": "Intravenous Block",
                    "conceptMappings": []
                  },
                  {
                    "concept": "3dbb2d82-ee96-43a5-a905-0401c2d8b1a9",
                    "label": "Local Anesthesia and Sedation",
                    "conceptMappings": []
                  },
                  {
                    "concept": "ea6ac7de-d7cf-4105-aadb-b1e489536a7e",
                    "label": "Local Anesthesia",
                    "conceptMappings": []
                  }
                ]
              },
              "id": "Anesthesia_Type"
            },
            {
              "label": "Estimated Blood Loss (mls)",
              "type": "obs",
              "questionOptions": {
                "rendering": "number",
                "concept": "b5ab7bc0-bffb-4dc8-b832-2e1713f06944",
                "max": "",
                "min": "",
                "showDate": "false"
              },
              "id": "Estimated_Blood_Loss"
            },
            {
              "label": "Complications",
              "type": "obs",
              "questionOptions": {
                "rendering": "textarea",
                "concept": "64fe56e6-5b52-4cdb-adc2-b6d50bfdee63",
                "rows": "5"
              },
              "id": "Complications"
            },
            {
              "label": "Specimens",
              "type": "obs",
              "questionOptions": {
                "rendering": "textarea",
                "concept": "08f1f638-b3c7-4040-8ae9-c95a5df59755",
                "rows": "2"
              },
              "id": "Specimens"
            },
            {
              "label": "Drains",
              "type": "obs",
              "questionOptions": {
                "rendering": "textarea",
                "concept": "59185273-c5b8-4e73-8ba2-c68710f6c507",
                "rows": "3"
              },
              "id": "Drains"
            },
            {
              "label": "Condition upon discharge from OR",
              "type": "obs",
              "questionOptions": {
                "rendering": "textarea",
                "concept": "a1da87f9-c4af-4598-accd-489268a2d325",
                "rows": "3"
              },
              "id": "Condition_upon_discharge_from_OR"
            },
            {
              "label": "Surgeon(s)",
              "type": "obs",
              "questionOptions": {
                "rendering": "textarea",
                "concept": "0b21ca75-2fab-4c34-bf4c-f66ae2415829",
                "rows": "3"
              },
              "id": "Surgeon"
            },
            {
              "label": "Time of Procedure",
              "type": "obs",
              "questionOptions": {
                "rendering": "date",
                "concept": "0934658e-fee3-44e3-a8f2-292dc3587f54",
                "weeksList": ""
              },
              "id": "Time_of_Procedure"
            },
            {
              "label": "Post-Operative Instructions",
              "type": "obs",
              "questionOptions": {
                "rendering": "textarea",
                "concept": "2554a66d-46fe-4f5f-813a-2b491716bddf",
                "rows": "5"
              },
              "id": "Post-Operative_Instructions"
            }
          ]
        }
      ]
    }
  ],
  "processor": "EncounterFormProcessor",
  "uuid": "xxxx",
  "referencedForms": []
}
