[
  {
    "uuid": "66de7f60-b73a-11e2-9e96-0800200c9a66",
    "name": "disposition.admit",
    "type": "ADMIT",
    "conceptCode": "CIEL:168619",
    "actions": [],
    "additionalObs": []
  },
  {
    "uuid": "8297651b-4046-11ef-ba6a-0242ac120002",
    "name": "disposition.transfer",
    "type": "TRANSFER",
    "conceptCode": "CIEL:167731",
    "actions": [],
    "additionalObs": []
  },
  {
    "uuid": "12129630-b698-11e2-9e96-0800200c9a66",
    "name": "disposition.discharge",
    "type": "DISCHARGE",
    "conceptCode": "CIEL:169401",
    "actions": [],
    "additionalObs": []
  }
]
